{
    "total_rewards": 20.893643128,
    "0": 20.893643128
}